first_name,last_name,email
Con,Ragborne,cragborne0@mashable.com
Marten,Matthias,mmatthias1@wordpress.com
Selina,Blewitt,sblewitt2@studiopress.com
Emalee,Kimbling,ekimbling3@artisteer.com
Vasili,Click,vclick4@people.com.cn
Garald,Colleton,gcolleton5@walmart.com
Lowrance,Adamolli,ladamolli6@reuters.com
Reginald,Jewel,rjewel7@weather.com
Zaria,Dockerty,zdockerty8@lulu.com
Malvina,Cropton,mcropton9@unesco.org
Rooney,Minett,rminetta@jiathis.com
Edward,Lindenblatt,elindenblattb@dot.gov
Rustin,Ziemen,rziemenc@ebay.co.uk
Abbie,Nazareth,anazarethd@biblegateway.com
Benjamin,Glide,bglidee@dailymail.co.uk
Eloisa,Tubbles,etubblesf@facebook.com
Tyne,Euplate,teuplateg@ox.ac.uk
Dev,Arnold,darnoldh@oakley.com
Colly,Omar,comari@nbcnews.com
Michaella,Somerfield,msomerfieldj@wikispaces.com
